{"cameraMode":{"drawMode":0,"name":"Shaded","section":"Shading Mode"},"sceneLighting":true,"audioPlay":true,"sceneViewState":{"showFog":true,"showMaterialUpdate":false,"showSkybox":true,"showFlares":true,"showImageEffects":true,"showParticleSystems":true},"in2DMode":false,"pivot":{"x":1.7129428386688233,"y":1.7086759805679322,"z":11.397408485412598},"rotation":{"x":-0.06463699042797089,"y":-0.14853015542030335,"z":0.0097279604524374,"w":-0.9867629408836365},"size":5.131265640258789,"orthographic":false}