{"cameraMode":{"drawMode":0,"name":"Shaded","section":"Shading Mode"},"sceneLighting":true,"audioPlay":false,"sceneViewState":{"showFog":true,"showMaterialUpdate":false,"showSkybox":true,"showFlares":true,"showImageEffects":true,"showParticleSystems":true},"in2DMode":false,"pivot":{"x":-1.621000051498413,"y":1.1619999408721924,"z":4.013000011444092},"rotation":{"x":-0.023226728662848474,"y":-0.9523262977600098,"z":0.07500579953193665,"w":-0.29484423995018008},"size":0.2970719635486603,"orthographic":false}