{"cameraMode":{"drawMode":0,"name":"Shaded","section":"Shading Mode"},"sceneLighting":true,"audioPlay":false,"sceneViewState":{"showFog":true,"showMaterialUpdate":false,"showSkybox":true,"showFlares":true,"showImageEffects":true,"showParticleSystems":true},"in2DMode":false,"pivot":{"x":-3.0112810134887697,"y":0.9391340613365173,"z":1.26369309425354},"rotation":{"x":-0.04253587871789932,"y":-0.853605329990387,"z":0.07058093696832657,"w":-0.5144001245498657},"size":3.007394790649414,"orthographic":false}