{"cameraMode":{"drawMode":0,"name":"Shaded","section":"Shading Mode"},"sceneLighting":true,"audioPlay":false,"sceneViewState":{"showFog":true,"showMaterialUpdate":false,"showSkybox":true,"showFlares":true,"showImageEffects":true,"showParticleSystems":true},"in2DMode":false,"pivot":{"x":-1.1034413576126099,"y":1.5122249126434327,"z":4.538788795471191},"rotation":{"x":0.014264622703194619,"y":0.6099828481674194,"z":-0.010976191610097885,"w":0.7922174334526062},"size":1.1792325973510743,"orthographic":false}