{"cameraMode":{"drawMode":0,"name":"Shaded","section":"Shading Mode"},"sceneLighting":true,"audioPlay":false,"sceneViewState":{"showFog":true,"showMaterialUpdate":false,"showSkybox":true,"showFlares":true,"showImageEffects":true,"showParticleSystems":true},"in2DMode":false,"pivot":{"x":-1.8875197172164918,"y":1.4839832782745362,"z":4.668075084686279},"rotation":{"x":-0.04046938195824623,"y":0.8630596995353699,"z":-0.07006420195102692,"w":-0.49859198927879336},"size":1.349562406539917,"orthographic":false}